name,city,county,state,rating,reviews,reviews_link,,street_view,logo,company_insights.founded_year,company_insights.industry,company_insights.is_public,company_insights.linkedin_company_page,company_insights.phone,company_insights.phone.phones_enricher.carrier_name,company_insights.phone.phones_enricher.carrier_type,company_insights.revenue,company_insights.state,company_insights.total_money_raised
Montador de Móveis Natan (Primo's Montagens),Alvorada,Maria Regina,State of Rio Grande do Sul,5,148,https://search.google.com/local/reviews?placeid=ChIJ_6xA4qd1GZUR2BBedMnDy7k&q=*&authuser=0&hl=en&gl=BR,,https://lh3.googleusercontent.com/p/AF1QipPhjBXd5AC20KSzKHavJB6ePJLLelLVScZPQcF9=w1600-h1000-k-no,https://lh3.googleusercontent.com/-0IUrvj_vtrs/AAAAAAAAAAI/AAAAAAAAAAA/BFGyRdcqefk/s44-p-k-no-ns-nd/photo.jpg,,,,,,,,,,
montador de moveis em barra velha,Barra Velha,Vila Nova,State of Santa Catarina,"4,7",14,https://search.google.com/local/reviews?placeid=ChIJ-V3M4ykr2ZQRTJNAEoJdEEU&q=*&authuser=0&hl=en&gl=BR,,https://lh3.googleusercontent.com/gps-cs-s/AHVAwer4xaspmbrSVM6k0EyRlsv3l1z1mUP5Yoejvs3qh3G6Kc3DWgCnSP3obKYjHCawggGLlsGL3KpNpozVZBp_-UpnqVxNFC1L6-RE4MAED27NlInDkAhyVfQRfYCFxsjgMG6YBvfV=w1600-h1000-k-no,https://lh4.googleusercontent.com/-DAPZqkqlDOI/AAAAAAAAAAI/AAAAAAAAAAA/5M7JPak2hXY/s44-p-k-no-ns-nd/photo.jpg,,,,,,,,,,
Dk montador de móveis,Cachoeirinha,Jardim do Bosque,State of Rio Grande do Sul,,,,,https://streetviewpixels-pa.googleapis.com/v1/thumbnail?panoid=Yx_x0EZ_v_VFpsLNQH3c-g&cb_client=search.gws-prod.gps&w=1600&h=1000&yaw=278.29047&pitch=0&thumbfov=100,,,,,,,,,,,
Montador de Móveis,Cachoeirinha,Vila Monte Carlo,State of Rio Grande do Sul,"4,9",107,https://search.google.com/local/reviews?placeid=ChIJsddviahzGZURnEUM6JXHJBA&q=*&authuser=0&hl=en&gl=BR,,https://lh3.googleusercontent.com/gps-cs-s/AHVAweoz2Ik0juFmja_zgU2pmkFEoV4JUCB1R9XI2ddtYOxGLRuEqPS-ljUOUBd30OpkyqIPtDd4YjlQZc41X3qOC1PswfFuSgWPkjpnwsqQyLWuDph-Q9n6Rp1ggqCLZyrfVAxWaWcCYQ=w1600-h1000-k-no,https://lh5.googleusercontent.com/-JqKItWiDgzM/AAAAAAAAAAI/AAAAAAAAAAA/f81Dq7-UOxM/s44-p-k-no-ns-nd/photo.jpg,,,,,,,,,,
Montador de Móveis,Cachoeirinha,Vila Monte Carlo,State of Rio Grande do Sul,"4,9",107,https://search.google.com/local/reviews?placeid=ChIJsddviahzGZURnEUM6JXHJBA&q=*&authuser=0&hl=en&gl=BR,,https://lh3.googleusercontent.com/gps-cs-s/AHVAwepmqKmfJ8pa7nLO3NS8VoOA6Y9ZVIeNq2aiu9YmUu_8PwCiwriRZ2pbTmGnXRJ3E3GcIWP3o7kOXchFkvVZjOFHuex4nWfZywIJKvstgv7wX162Sz46gdZtAcBJKNj5C5gzXuJzjQ=w1600-h1000-k-no,https://lh5.googleusercontent.com/-JqKItWiDgzM/AAAAAAAAAAI/AAAAAAAAAAA/f81Dq7-UOxM/s44-p-k-no-ns-nd/photo.jpg,,,,,,,,,,
Montador de móveis - Derli,Cachoeirinha,Parque Granja Esperanca,State of Rio Grande do Sul,5,3,https://search.google.com/local/reviews?placeid=ChIJ-TnoZBlzGZUR4DofbL4FnF4&q=*&authuser=0&hl=en&gl=BR,,https://lh3.googleusercontent.com/p/AF1QipOHuuoe8UI7DzqFs9V3UpBHlLi_-rON_k6vOLkH=w1600-h1000-k-no,https://lh5.googleusercontent.com/-8Y-vXJ9eMC0/AAAAAAAAAAI/AAAAAAAAAAA/YA0KL2d88Oc/s44-p-k-no-ns-nd/photo.jpg,,,,,,,,,,
Montador de Móveis - Thayson,Cachoeirinha,Jardim Betânia,State of Rio Grande do Sul,5,55,https://search.google.com/local/reviews?placeid=ChIJdaAISFxxGZURSdSXo6LWReM&q=*&authuser=0&hl=en&gl=BR,,https://lh3.googleusercontent.com/gps-cs-s/AHVAwer2Ead-V6keSJq1PdDVclydbuc5riGxRPXlMeIKmCgeNW9SM3OyDAvyrE_mSb_oOJd_6gvAs-98mwfjYl503-hzyN27eVLGL8gx3NOdn8sfaMYQM6d9hltxpWng57SNuXu16EbbUJpri9Qf=w1600-h1000-k-no,https://lh3.googleusercontent.com/-sBoo0VtrPr8/AAAAAAAAAAI/AAAAAAAAAAA/ivGUBxs6paA/s44-p-k-no-ns-nd/photo.jpg,,,,,,,,,,
Montador De Móveis | Filipi Montagens,Cachoeirinha,Parque da Matriz,State of Rio Grande do Sul,5,21,https://search.google.com/local/reviews?placeid=ChIJq5RySc51GZURhlO02ytymSQ&q=*&authuser=0&hl=en&gl=BR,,https://lh3.googleusercontent.com/p/AF1QipNfdxq_s1dtSkYHF1qI4KNErPQK0nVFGC9vHf34=w1600-h1000-k-no,https://lh4.googleusercontent.com/-_IqVOkTKMcI/AAAAAAAAAAI/AAAAAAAAAAA/qBcYaEpAEcY/s44-p-k-no-ns-nd/photo.jpg,,,,,,,,,,
Montador de Móveis Cachoeirinha,Cachoeirinha,Jardim Betânia,State of Rio Grande do Sul,,,,,https://lh3.googleusercontent.com/p/AF1QipN5G_mNy7sliWurrWbS9OZXJ67CFXxjpwwfSYu1=w1600-h1000-k-no,https://lh4.googleusercontent.com/-dy-GbcRfQyk/AAAAAAAAAAI/AAAAAAAAAAA/NwxZJbESdhQ/s44-p-k-no-ns-nd/photo.jpg,,,,,,,,,,
MONTT - Montagem de Móveis,Campo Bom,Imigrante Norte,State of Rio Grande do Sul,5,1,https://search.google.com/local/reviews?placeid=ChIJo-gb7wtBGZURbkOeqE--JaY&q=*&authuser=0&hl=en&gl=BR,,https://lh3.googleusercontent.com/p/AF1QipPkMUA_EXu86P8y_Qwzr5WOf0ZwpaLtKOP7oeJv=w1600-h1000-k-no,https://lh6.googleusercontent.com/-IS_yn1IGcqw/AAAAAAAAAAI/AAAAAAAAAAA/82mTuE9aiwA/s44-p-k-no-ns-nd/photo.jpg,,,,,,,,,,
Montador de Móveis Campo largo,Campo Largo,Jardim Cristo Rei,State of Paraná,"4,8",59,https://search.google.com/local/reviews?placeid=ChIJbWrxNCQX3ZQResSGfNt9P-I&q=*&authuser=0&hl=en&gl=BR,,https://lh3.googleusercontent.com/p/AF1QipMCaBfsZ9yVtJntCKZQbYPSGm2o95olUu3UhqhQ=w1600-h1000-k-no,https://lh6.googleusercontent.com/-zkgzUfGBUIU/AAAAAAAAAAI/AAAAAAAAAAA/JOfRkai1sPM/s44-p-k-no-ns-nd/photo.jpg,,,,,,,,,,
Montador de Moveis,Canoas,Mathias Velho,State of Rio Grande do Sul,"4,4",7,https://search.google.com/local/reviews?placeid=ChIJd4nvYiNlGZURoJLgdyNxEV4&q=*&authuser=0&hl=en&gl=BR,,https://lh3.googleusercontent.com/p/AF1QipPZPoi4Ar_3xAQ-6zPEREQX13ZRPzS7GYxVjF6v=w1600-h1000-k-no,https://lh4.googleusercontent.com/-4X7-vFv3Ntg/AAAAAAAAAAI/AAAAAAAAAAA/fb95Eo1luA0/s44-p-k-no-ns-nd/photo.jpg,,,,,,,,,,
Montador de Móveis,Canoas,Harmonia,State of Rio Grande do Sul,,,,,https://lh3.googleusercontent.com/p/AF1QipNdFUcj_O6SGof_CCo3Vho6DFzAPTa8Ec5cW19e=w1600-h1000-k-no,https://lh6.googleusercontent.com/-wTH5w5WD6uA/AAAAAAAAAAI/AAAAAAAAAAA/kv5kxQVEkEg/s44-p-k-no-ns-nd/photo.jpg,,,,,,,,,,
Montador de Móveis,Canoas,Olaria,State of Rio Grande do Sul,5,14,https://search.google.com/local/reviews?placeid=ChIJze6sM39lGZURtvjAAsDC6VU&q=*&authuser=0&hl=en&gl=BR,,https://lh3.googleusercontent.com/p/AF1QipOoKAHwV1V-3HkRPcLvgfdxFArh3Dxg_emNdC-x=w1600-h1000-k-no,https://lh6.googleusercontent.com/-FRnA14NXefc/AAAAAAAAAAI/AAAAAAAAAAA/PTZ9R1QUiLo/s44-p-k-no-ns-nd/photo.jpg,CA,America/Los_Angeles,Google,94043,COMPUTER_SOFTWARE,786.1M,+1 650-253-0000,"LEVEL 3 COMMUNICATIONS, LLC - ",fixed line,10000000000
Montador de Móveis,Canoas,Harmonia,State of Rio Grande do Sul,,,,,https://lh3.googleusercontent.com/p/AF1QipNdFUcj_O6SGof_CCo3Vho6DFzAPTa8Ec5cW19e=w1600-h1000-k-no,https://lh6.googleusercontent.com/-wTH5w5WD6uA/AAAAAAAAAAI/AAAAAAAAAAA/kv5kxQVEkEg/s44-p-k-no-ns-nd/photo.jpg,,,,,,,,,,
Montador de Móveis / Canoas,Canoas,Mathias Velho,State of Rio Grande do Sul,5,20,https://search.google.com/local/reviews?placeid=ChIJQ2iDNTrGYiYR2cdIdQewOOM&q=*&authuser=0&hl=en&gl=BR,,https://lh3.googleusercontent.com/p/AF1QipOEddjgZEagpGbnG55pkV6UYVJrB7bttiyQnS9y=w1600-h1000-k-no,https://lh4.googleusercontent.com/-ZkMZdU6MAUQ/AAAAAAAAAAI/AAAAAAAAAAA/me18FsdZ764/s44-p-k-no-ns-nd/photo.jpg,,,,,,,,,,
Montador de Móveis Canoas e Região,Canoas,Centro,State of Rio Grande do Sul,5,58,https://search.google.com/local/reviews?placeid=ChIJJ1OlghxxGZURX0WZE8M2tP8&q=*&authuser=0&hl=en&gl=BR,,https://lh3.googleusercontent.com/p/AF1QipPOqgJS6LV8q8darMlDkqydvAvUUMXp0kQHNbAA=w1600-h1000-k-no,https://lh6.googleusercontent.com/-aGkC6deCKLw/AAAAAAAAAAI/AAAAAAAAAAA/YW4LX0iLvf0/s44-p-k-no-ns-nd/photo.jpg,,,,,,,,,,
Montador de Moveis Luis,Canoas,Mathias Velho,State of Rio Grande do Sul,5,17,https://search.google.com/local/reviews?placeid=ChIJQUOVYPhlGZURF60Do4Y_zU4&q=*&authuser=0&hl=en&gl=BR,,https://lh3.googleusercontent.com/p/AF1QipOhrBvLNmiUEMmlvHowLJUiwowtGTVzBqI_GKGI=w1600-h1000-k-no,https://lh5.googleusercontent.com/-_9vUoUvnvu0/AAAAAAAAAAI/AAAAAAAAAAA/phiRfLx13Ww/s44-p-k-no-ns-nd/photo.jpg,,,,,,,,,,
Montador de moveis módulados e planejados Menezes,Canoas,Mathias Velho,State of Rio Grande do Sul,5,4,https://search.google.com/local/reviews?placeid=ChIJcwjrKLJlGZUR8lhFXmaPyUc&q=*&authuser=0&hl=en&gl=BR,,https://lh3.googleusercontent.com/p/AF1QipM1p2Y5uH4Dtd0fS9F3ossrq9OiHYcCBmGwdp6b=w1600-h1000-k-no,https://lh6.googleusercontent.com/-OhYYUVFzq6A/AAAAAAAAAAI/AAAAAAAAAAA/MIy8KP3h3cw/s44-p-k-no-ns-nd/photo.jpg,,,,,,,,,,
SC Montagem de Móveis,Canoas,Harmonia,State of Rio Grande do Sul,,,,,https://lh3.googleusercontent.com/p/AF1QipOqic6FPZ3Ik8u1XlYBy9U4RedqpkWri5MeUwT2=w1600-h1000-k-no,https://lh5.googleusercontent.com/-gSB5g7GVBRk/AAAAAAAAAAI/AAAAAAAAAAA/XNDPeJWYioA/s44-p-k-no-ns-nd/photo.jpg,,,,,,,,,,
Ariel Montagem de Móveis,Estância Velha,Rincão dos Ilhéus,State of Rio Grande do Sul,5,3,https://search.google.com/local/reviews?placeid=ChIJc2mfe2FDGZURnWPN5GSxJg0&q=*&authuser=0&hl=en&gl=BR,,https://lh3.googleusercontent.com/p/AF1QipP_A3QFr2NXvSobbPH7K03_XqEp8XlHLvY-sZs=w1600-h1000-k-no,https://lh5.googleusercontent.com/-i3RM5JBb-jI/AAAAAAAAAAI/AAAAAAAAAAA/GSjBb0el-14/s44-p-k-no-ns-nd/photo.jpg,,,,,,,,,,
Mlj montagem de móveis. Montador Marcos Leandro,Estância Velha,Floresta,State of Rio Grande do Sul,5,96,https://search.google.com/local/reviews?placeid=ChIJp1CUj9BFGZUR_dJeOppEN98&q=*&authuser=0&hl=en&gl=BR,,https://lh3.googleusercontent.com/p/AF1QipNzcDRn2wr1sZPUyLPFVmLdEYi3hnnOtJmwjcLK=w1600-h1000-k-no,https://lh3.googleusercontent.com/-strPay13uiY/AAAAAAAAAAI/AAAAAAAAAAA/SprIZrq6CnU/s44-p-k-no-ns-nd/photo.jpg,,,,,,,,,,
Douglas montador de móveis,Gravataí,Morada do Vale I,State of Rio Grande do Sul,"4,5",12,https://search.google.com/local/reviews?placeid=ChIJRfwit_5zGZURNqR8qlEncn4&q=*&authuser=0&hl=en&gl=BR,,https://lh3.googleusercontent.com/p/AF1QipNU7if5LYr28Y1lHoDSr2QgIXjOeuQ4nQJwkRTQ=w1600-h1000-k-no,https://lh4.googleusercontent.com/-2vOEwBu-8TM/AAAAAAAAAAI/AAAAAAAAAAA/p0YivhfFPcs/s44-p-k-no-ns-nd/photo.jpg,,,,,,,,,,
montador de móveis,Gravataí,Jardim do Cedro,State of Rio Grande do Sul,5,1,https://search.google.com/local/reviews?placeid=ChIJ2bTUNAANGZURzG2SsVCSazs&q=*&authuser=0&hl=en&gl=BR,,https://lh3.googleusercontent.com/p/AF1QipNUWHl62tyKit3zDRo6PM3nNqk0djp6IetxtO9N=w1600-h1000-k-no,https://lh3.googleusercontent.com/-8dXk7HvowcU/AAAAAAAAAAI/AAAAAAAAAAA/9QP2iSrqs84/s44-p-k-no-ns-nd/photo.jpg,,,,,,,,,,
Montador de Móveis em Gravataí- Artur,Gravataí,Nossa Chácara,State of Rio Grande do Sul,"4,9",63,https://search.google.com/local/reviews?placeid=ChIJDVlzGypwEikRaYqRq9zbT20&q=*&authuser=0&hl=en&gl=BR,,https://lh3.googleusercontent.com/p/AF1QipNC9JanjtYaqEO9Z7B6STopsna1kApBhbL6yQzp=w1600-h1000-k-no,https://lh5.googleusercontent.com/-QXcmf2rQqgY/AAAAAAAAAAI/AAAAAAAAAAA/xEVsb_bqHxQ/s44-p-k-no-ns-nd/photo.jpg,,,,,,,,,,
"Raphael Montagem de móveis, reformas e pinturas.",Gravataí,Morada do Vale I,State of Rio Grande do Sul,5,61,https://search.google.com/local/reviews?placeid=ChIJfRDmVVOgcmURmzouCtHUqr4&q=*&authuser=0&hl=en&gl=BR,,https://lh3.googleusercontent.com/gps-cs-s/AHVAwepa0gx2-96yUmqC2993rLCJhFVJrP-A3jgODU5SJJMWrT2Gty3qUSbBMbbSlWc0mrHUFnTDav1FeZbGCWcKlrxNux8vzy1sUXg5q0sG_Pe62hoEskGXpAss4HetFP_HjPgsmF0=w1600-h1000-k-no,https://lh6.googleusercontent.com/-rwgzqWyBiPc/AAAAAAAAAAI/AAAAAAAAAAA/MV8YbZ0pjf4/s44-p-k-no-ns-nd/photo.jpg,,,,,,,,,,
G s MÖBEL montador de móveis e fábrica de móveis,Igrejinha,Morada verde,State of Rio Grande do Sul,5,10,https://search.google.com/local/reviews?placeid=ChIJn7lafQAjGZURA8cTtiRM5Nw&q=*&authuser=0&hl=en&gl=BR,,https://lh3.googleusercontent.com/gps-cs-s/AHVAwep0pkGSHPnRNQSCXm0pHNs-3Lb6Hpql1Ml1Av_En_VNOrENQmOPvegciUtlH46WoFVwKbChy2SAyFi6rHhsxcIWhIuxKLQ_Xs4AJfNjs5L5uT9JBNz15VKSvs_3AcDQGfrKVmGc=w1600-h1000-k-no,https://lh3.googleusercontent.com/-P_JtDTwDof4/AAAAAAAAAAI/AAAAAAAAAAA/oTECC1xNBbY/s44-p-k-no-ns-nd/photo.jpg,,,,,,,,,,
AT Montador de Móveis,Novo Hamburgo,Canudos,State of Rio Grande do Sul,5,43,https://search.google.com/local/reviews?placeid=ChIJ_-uzgqZBGZURkiYkUtLzBq8&q=*&authuser=0&hl=en&gl=BR,,https://lh3.googleusercontent.com/gps-cs-s/AHVAwer1tsnvwBwqcLZTcTBvmgxrp4N-47tyTcSrH1-s16Bg9XoA_7n6WdjUcZduKWamHWhVi5N8D5cBsVNakP3o_tSBcRP09m5eXXOz95CAYxn8BKq-mhE4vB9eKxr4AE1fDAlI31x5=w1600-h1000-k-no,https://lh6.googleusercontent.com/-GdEDvqaSr8A/AAAAAAAAAAI/AAAAAAAAAAA/ta_ihiYZnTE/s44-p-k-no-ns-nd/photo.jpg,2009,COMPUTER_SOFTWARE,FALSE,https://www.linkedin.com/company/whatsapp.,5104941228,AT&T,landline,1000000,CA,60.3M
Lucas Zavalhia - ZF montagem de móveis,Novo Hamburgo,Rincão,State of Rio Grande do Sul,5,54,https://search.google.com/local/reviews?placeid=ChIJZ7SQ8vtDGZURz7czYds-NhU&q=*&authuser=0&hl=en&gl=BR,,https://lh3.googleusercontent.com/gps-cs-s/AHVAwerlnsm7gb2z4eBQCq9JM1DjrOrq5ui9ArmXgtBp6i8wv7-j9rM9UVr715o02RUSmALY7jvXPXftCBQY2fp97ZURpXroFKtH65rNdMvSPNkXTIRqVbJWoWh3QDK2LeOYCQP9O4bRLA=w1600-h1000-k-no,https://lh5.googleusercontent.com/-nYUj0OFnq8U/AAAAAAAAAAI/AAAAAAAAAAA/dYnaMtsGl9o/s44-p-k-no-ns-nd/photo.jpg,,,,,,,,,,
Willian - O Montador d eMóveis,Novo Hamburgo,Centro,State of Rio Grande do Sul,5,325,https://share.google/zTrAF100880rSaEXn,https://lh3.googleusercontent.com/p/AF1QipPA7-UIXtgNrIq3-W_uXSr-_Y3cAotNISKosCFx=s680-w680-h510-rw,,,,,,,,,,,,
"Montador de Móveis/ Fabricação, RA_MOVEIS7",Novo Hamburgo,Jardim Mauá,State of Rio Grande do Sul,5,6,https://search.google.com/local/reviews?placeid=ChIJASjL3fxDGZURabqRnPxK1AU&q=*&authuser=0&hl=en&gl=BR,,https://lh3.googleusercontent.com/p/AF1QipP-eaVbMKAEp72gM_RYJVuokYm4ISMnkOTMW_RA=w1600-h1000-k-no,https://lh6.googleusercontent.com/-I9G7urneaZQ/AAAAAAAAAAI/AAAAAAAAAAA/dngjq533GfU/s44-p-k-no-ns-nd/photo.jpg,,,,,,,,,,
BINSFELD montagem de móveis,Parobé,Guarani,State of Rio Grande do Sul,5,4,https://search.google.com/local/reviews?placeid=ChIJPzGzGI8jGZURMWGZ4iNRTaY&q=*&authuser=0&hl=en&gl=BR,,https://lh3.googleusercontent.com/p/AF1QipMAhGxygsasoUbs3oUR6JLainyEYNpu7RzD_9c=w1600-h1000-k-no,https://lh5.googleusercontent.com/-c-x4wbXWRVM/AAAAAAAAAAI/AAAAAAAAAAA/0l1K2O7fjfY/s44-p-k-no-ns-nd/photo.jpg,,,,,,,,,,
Malaquias montador móveis,Parobé,Mro Canoa,State of Rio Grande do Sul,,,,,https://lh3.googleusercontent.com/p/AF1QipNzp89DCK59SMC-z8KVIcfGJPIcu0FYilUh27-Z=w1600-h1000-k-no,https://lh5.googleusercontent.com/-Nv9L5Ev3PV0/AAAAAAAAAAI/AAAAAAAAAAA/B-mduEI6z00/s44-p-k-no-ns-nd/photo.jpg,,,,,,,,,,
André Luís Arnold,Portão,Centro,State of Rio Grande do Sul,5,1,https://search.google.com/local/reviews?placeid=ChIJ3cwaxndcGZURxxsGNh4QY3M&q=*&authuser=0&hl=en&gl=BR,,https://streetviewpixels-pa.googleapis.com/v1/thumbnail?panoid=NLdt7ErevpDcWhng8-tIQA&cb_client=search.gws-prod.gps&w=1600&h=1000&yaw=221.18608&pitch=0&thumbfov=100,,,,,,,,,,,
Montador de Móveis,Portão,Portão Velho,State of Rio Grande do Sul,,,,,,https://lh4.googleusercontent.com/-aExAHqKFM3Q/AAAAAAAAAAI/AAAAAAAAAAA/XuYfP1zNqJI/s44-p-k-no-ns-nd/photo.jpg,,,,,,,,,,
Alexandre Muller,Porto Alegre,Jardim Itu-Sabará,State of Rio Grande do Sul,"4,9",17,https://search.google.com/local/reviews?placeid=ChIJ6y4F9up7GZURChcH1apguSI&q=*&authuser=0&hl=en&gl=BR,,https://lh3.googleusercontent.com/p/AF1QipNW0FkULRIKqXgEnCj8XeiTpL9HwDwN2AcwYqDQ=w1600-h1000-k-no,https://lh5.googleusercontent.com/-w0kfqS0bTk0/AAAAAAAAAAI/AAAAAAAAAAA/s5c8wfZE9c8/s44-p-k-no-ns-nd/photo.jpg,,,,,,,,,,
ANS Montagens,Porto Alegre,Moinhos de Vento,State of Rio Grande do Sul,5,1,https://search.google.com/local/reviews?placeid=ChIJKX0YOXF5GZURja7Q-ukZdMo&q=*&authuser=0&hl=en&gl=BR,,https://lh3.googleusercontent.com/gps-cs-s/AHVAweprBCMex7E5Odi-zJN5DAYJGKgkXhnzytkxnP5OFTcRHFFmCiFtSDEtq22gLBfYuFCFlKYIvCuV2yfsSoejsDbo5tNuEpqunRD2fWjs4K_EAljLhh3-I_Kji4ak5Xx0yaMBYdJt=w1600-h1000-k-no,https://lh4.googleusercontent.com/-QoqUl80IE-A/AAAAAAAAAAI/AAAAAAAAAAA/mZt-AdmmVYY/s44-p-k-no-ns-nd/photo.jpg,,,,,,,,,,
ARR Montagem de Móveis,Porto Alegre,Jardim Carvalho,State of Rio Grande do Sul,,,,,https://lh3.googleusercontent.com/p/AF1QipN71P6y_TTMV_ToiYyHxVjQKGjCmjncqoYJ7kA8=w1600-h1000-k-no,https://lh5.googleusercontent.com/-I9CniQrGYFE/AAAAAAAAAAI/AAAAAAAAAAA/v60f-v6xHh8/s44-p-k-no-ns-nd/photo.jpg,,,,,,,,,,
KR Montador de Móveis,Porto Alegre,São José,State of Rio Grande do Sul,"4,8",29,https://search.google.com/local/reviews?placeid=ChIJ9a8tbp2dGZURgNoOeYDkLws&q=*&authuser=0&hl=en&gl=BR,,https://lh3.googleusercontent.com/gps-cs-s/AHVAwerUcDZqbtrhf6b8j4x34oC5jZkAIRaS5tLdprKfj2MMZVvDAfo-fXP4J8cD2VqKxpcyBzuO-zprvEizW7jf0NR9V93m_yxfItVEYRyqK7_Hd-xyOHiw5Z8PdXiv64piSx2--kDaUw=w1600-h1000-k-no,https://lh3.googleusercontent.com/-zpNb7VKYQ2o/AAAAAAAAAAI/AAAAAAAAAAA/Ut6TGPC4jB4/s44-p-k-no-ns-nd/photo.jpg,,,,,,,,,,
LN Montador de Móveis - Porto Alegre,Porto Alegre,São João,State of Rio Grande do Sul,"4,7",44,https://search.google.com/local/reviews?placeid=ChIJ8bmVgFR5GZUR7hmBBH1d9ZU&q=*&authuser=0&hl=en&gl=BR,,https://lh3.googleusercontent.com/gps-cs-s/AHVAwepCZNwTBeekReKaz03DvkTg9NLfXOvKM__YGKNjLC90Ie6Omhk8-l6tMpHSduXau-HvRhvkgtRiV4D8dnrZWS4UlbPHFWK8ZUeMvgKuqwPHixgn9y2SKHAuUkd8hOY3eclhut0=w1600-h1000-k-no,https://lh3.googleusercontent.com/-Cd01vKjTGo8/AAAAAAAAAAI/AAAAAAAAAAA/R_MgB3qwL1U/s44-p-k-no-ns-nd/photo.jpg,,,,,,,,,,
Lucas Santos - Montador De Móveis,Porto Alegre,Partenon,State of Rio Grande do Sul,5,4,https://search.google.com/local/reviews?placeid=ChIJvxKN3p2dGZURecFY_GZeEwg&q=*&authuser=0&hl=en&gl=BR,,https://lh3.googleusercontent.com/p/AF1QipPL9JpMZBr_eC8q2CNh2d68ojYJ1v-Kj6vj89IO=w1600-h1000-k-no,https://lh5.googleusercontent.com/-299eZxXNRn8/AAAAAAAAAAI/AAAAAAAAAAA/w7rP_vcCTr8/s44-p-k-no-ns-nd/photo.jpg,,,,,,,,,,
Lucas Santos- Montador de Móveis,Porto Alegre,Passo d'Areia,State of Rio Grande do Sul,,,,,,https://lh4.googleusercontent.com/-a8xC8cy7Cbg/AAAAAAAAAAI/AAAAAAAAAAA/ZCgIlxWD1_c/s44-p-k-no-ns-nd/photo.jpg,,,,,,,,,,
MMA Montagem,Porto Alegre,Rubem Berta,State of Rio Grande do Sul,"3,3",4,https://search.google.com/local/reviews?placeid=ChIJt-it_PJ9GZURVJo5k_ZKQnQ&q=*&authuser=0&hl=en&gl=BR,,https://lh3.googleusercontent.com/gps-cs-s/AHVAweqxvEMiz1q2NymxzXe60kOd1SOwzPanGOP0B22WpjuiXBXwQ_U-910bnf-vVPVqH4irS8d2Yu6NRavm6JIo7LId-82_uDeDMl_ltYNdVZL0-eS7gqCKBLFBqB-dOIisAxZORQ7F=w1600-h1000-k-no,https://lh6.googleusercontent.com/-26hqoZCJY4g/AAAAAAAAAAI/AAAAAAAAAAA/JiRv4cQi67M/s44-p-k-no-ns-nd/photo.jpg,,,,,,,,,,
Montador de móveis,Porto Alegre,Navegantes,State of Rio Grande do Sul,,,,,https://streetviewpixels-pa.googleapis.com/v1/thumbnail?panoid=unsrmVN_go-wqOl4Vtk0ZA&cb_client=search.gws-prod.gps&w=1600&h=1000&yaw=201.67218&pitch=0&thumbfov=100,https://lh3.googleusercontent.com/-ZnsmBeR7PR8/AAAAAAAAAAI/AAAAAAAAAAA/-ZLM6aGlXjI/s44-p-k-no-ns-nd/photo.jpg,,,,,,,,,,
Montador de móveis,Porto Alegre,Navegantes,State of Rio Grande do Sul,,,,,https://streetviewpixels-pa.googleapis.com/v1/thumbnail?panoid=unsrmVN_go-wqOl4Vtk0ZA&cb_client=search.gws-prod.gps&w=1600&h=1000&yaw=201.67218&pitch=0&thumbfov=100,https://lh3.googleusercontent.com/-ZnsmBeR7PR8/AAAAAAAAAAI/AAAAAAAAAAA/-ZLM6aGlXjI/s44-p-k-no-ns-nd/photo.jpg,,,,,,,,,,
"Montador de Móveis - Montagem, recorte e adaptações MONTEK CNPJ",Porto Alegre,Belém Velho,State of Rio Grande do Sul,,,,,https://streetviewpixels-pa.googleapis.com/v1/thumbnail?panoid=ilnWJq9y26Ma_Cw_hCynKQ&cb_client=search.gws-prod.gps&w=1600&h=1000&yaw=247.71014&pitch=0&thumbfov=100,,,,,,,,,,,
"MONTADOR DE MOVEIS ,FRETES E CONSTRUCAO CIVIL",Porto Alegre,Cascata,State of Rio Grande do Sul,,,,,https://lh3.googleusercontent.com/p/AF1QipNmCYnsR87OKpHKALb8_dOXj-MZCLhPR8ZNhcM0=w1600-h1000-k-no,https://lh4.googleusercontent.com/-XrkB_my5qO0/AAAAAAAAAAI/AAAAAAAAAAA/xegzwnrSvRo/s44-p-k-no-ns-nd/photo.jpg,,,,,,,,,,
Montador de Móveis & Marido de Aluguel,Porto Alegre,Santa Rosa,State of Rio Grande do Sul,"4,7",15,https://search.google.com/local/reviews?placeid=ChIJkTHxCB2Jr0ERToR60yCZd0M&q=*&authuser=0&hl=en&gl=BR,,https://lh3.googleusercontent.com/gps-cs-s/AHVAweo56X41swRlkABIkPIz7WsA20K_b0AmkNekuCKQ-bl4rbAbg2OhkflTH5b-O96g5uIULyV1Rav-vsnhM4qKCzBcKf3xTuVq9OkDt2gr1YwrMkPhB_96ufP8aKRdojJfaKWGeRVi3XCPIseH=w1600-h1000-k-no,https://lh5.googleusercontent.com/-WjmoEkaJgLA/AAAAAAAAAAI/AAAAAAAAAAA/05W4ZXzsZXU/s44-p-k-no-ns-nd/photo.jpg,,,,,,,,,,
Montador de Móveis Erick Acunha,Porto Alegre,Jardim Carvalho,State of Rio Grande do Sul,"4,9",73,https://search.google.com/local/reviews?placeid=ChIJX4vxHWh3GZURkp3XyYi1hGE&q=*&authuser=0&hl=en&gl=BR,,https://lh3.googleusercontent.com/p/AF1QipOJOzW8O8wwD-7sY5KYK66Q1s4keNsQZW69XoRG=w1600-h1000-k-no,https://lh3.googleusercontent.com/-pDMnEQgzWPw/AAAAAAAAAAI/AAAAAAAAAAA/MLSVgwZazuE/s44-p-k-no-ns-nd/photo.jpg,2016,COMPUTER_SOFTWARE,FALSE,https://www.linkedin.com/company/linktree,,,,,Victoria,55700000
Montador de Móveis Porto Alegre,Porto Alegre,Glória,State of Rio Grande do Sul,"4,7",50,https://search.google.com/local/reviews?placeid=ChIJe6R0cpmCGZURU7CfOu6Dsp4&q=*&authuser=0&hl=en&gl=BR,,https://lh3.googleusercontent.com/gps-cs-s/AHVAwepEx6d2CU0pP_5IqmPiuIzmruWEW_xGAxt8v8x2HllvZgZXsMAg50OHIeI1r1ufQMblFaqH30LKSft-1GPDgBBP7tcV1GUx4JsNvNT2ZSfSoqj4Kf3HmrdavxK0eR0Zsw3_NrQFMw=w1600-h1000-k-no,https://lh5.googleusercontent.com/-js_F8p0sDhM/AAAAAAAAAAI/AAAAAAAAAAA/rm_4x_IKqT8/s44-p-k-no-ns-nd/photo.jpg,,,,,,,,,,
Montador de Móveis Porto Alegre,Porto Alegre,Coronel Aparício Borges,State of Rio Grande do Sul,,,,,https://lh3.googleusercontent.com/gps-cs-s/AHVAweqT6h56fRAi6CFc1TXpJC88Nt3U-_y1ZBE0cTPkWPossSdJxoZUpkwjLiD8wJpcCAmrZ87UKEgKPFOpRI2g1m2oEkBSAXUMnm74BcDpE9zJakmdsrgh0VJthPbyo9Yi1ieFW6Dj=w1600-h1000-k-no,https://lh6.googleusercontent.com/-FS1djX1mvCk/AAAAAAAAAAI/AAAAAAAAAAA/L4nwU2-Xrj4/s44-p-k-no-ns-nd/photo.jpg,,,,,,,,,,
Montador de Móveis Porto Alegre,Porto Alegre,Coronel Aparício Borges,State of Rio Grande do Sul,,,,,https://lh3.googleusercontent.com/p/AF1QipM-QhLD6gnSbH9Dkl20Ge9VDqYW1XCHMgMzDepP=w1600-h1000-k-no,https://lh6.googleusercontent.com/-FS1djX1mvCk/AAAAAAAAAAI/AAAAAAAAAAA/L4nwU2-Xrj4/s44-p-k-no-ns-nd/photo.jpg,,,,,,,,,,
Montador de Móveis Porto Alegre,Porto Alegre,Glória,State of Rio Grande do Sul,"4,7",50,https://search.google.com/local/reviews?placeid=ChIJe6R0cpmCGZURU7CfOu6Dsp4&q=*&authuser=0&hl=en&gl=BR,,https://lh3.googleusercontent.com/gps-cs-s/AHVAwepEx6d2CU0pP_5IqmPiuIzmruWEW_xGAxt8v8x2HllvZgZXsMAg50OHIeI1r1ufQMblFaqH30LKSft-1GPDgBBP7tcV1GUx4JsNvNT2ZSfSoqj4Kf3HmrdavxK0eR0Zsw3_NrQFMw=w1600-h1000-k-no,https://lh5.googleusercontent.com/-js_F8p0sDhM/AAAAAAAAAAI/AAAAAAAAAAA/rm_4x_IKqT8/s44-p-k-no-ns-nd/photo.jpg,,,,,,,,,,
Montador de Móveis Sul,Porto Alegre,Jardim Itu-Sabará,State of Rio Grande do Sul,"4,8",87,https://search.google.com/local/reviews?placeid=ChIJ73doD212GZUR81tTeea5UI0&q=*&authuser=0&hl=en&gl=BR,,https://lh3.googleusercontent.com/gps-cs-s/AHVAwep1eRsShkpCuifG3X5mhoy5ZB90IVVyTFMJTGSZsuxgnTFhv8A8BWmXWSEelpmBRWK74LrJWT8p0yw0ntP39-8HrczRjrTLFlzUnfy5ihK1xUwuDCXI_naoFgzU1oAlpUOkLgA=w1600-h1000-k-no,https://lh3.googleusercontent.com/-nCpLc8Ph9W4/AAAAAAAAAAI/AAAAAAAAAAA/Wb6k3Ft6ES0/s44-p-k-no-ns-nd/photo.jpg,,,,,,,,,,
Montador Montagen e desmontagem de Moveis,Porto Alegre,Rubem Berta,State of Rio Grande do Sul,"4,5",8,https://search.google.com/local/reviews?placeid=ChIJBeRE2MN2GZURFToZ82XZe7k&q=*&authuser=0&hl=en&gl=BR,,https://streetviewpixels-pa.googleapis.com/v1/thumbnail?panoid=xSqsvZ-QSelOojzWok_LAg&cb_client=search.gws-prod.gps&w=1600&h=1000&yaw=235.19112&pitch=0&thumbfov=100,https://lh6.googleusercontent.com/-KH9R2LhkjjI/AAAAAAAAAAI/AAAAAAAAAAA/2BMUE66B_L4/s44-p-k-no-ns-nd/photo.jpg,,,,,,,,,,
MONTAGEM DE MÓVEIS FERREIRA,Porto Alegre,São José,State of Rio Grande do Sul,5,4,https://search.google.com/local/reviews?placeid=ChIJIUh28wadGZUR7sAqw-aWN-A&q=*&authuser=0&hl=en&gl=BR,,https://lh3.googleusercontent.com/p/AF1QipPdm5RMoTt51rkefjIfDxNuzvQaq8ptyv6g_MVg=w1600-h1000-k-no,https://lh4.googleusercontent.com/-wvctqlxQtL4/AAAAAAAAAAI/AAAAAAAAAAA/PXlYmSA3J7M/s44-p-k-no-ns-nd/photo.jpg,,,,,,,,,,
Tiago Oliveira montador de móveis,Porto Alegre,Santa Tereza,State of Rio Grande do Sul,5,18,https://search.google.com/local/reviews?placeid=ChIJdy2dUJp5GZURgk_2gQx-1zI&q=*&authuser=0&hl=en&gl=BR,,https://lh3.googleusercontent.com/p/AF1QipN93zpDWsPcnw3lNoUA_OZnrAZoo10piDU-YfzI=w1600-h1000-k-no,https://lh4.googleusercontent.com/-syHjppPRox4/AAAAAAAAAAI/AAAAAAAAAAA/W6Ec11UD00g/s44-p-k-no-ns-nd/photo.jpg,,,,,,,,,,
TL MOVEIS MONTAGEM E DESMONTAGEM,Porto Alegre,São José,State of Rio Grande do Sul,5,157,https://search.google.com/local/reviews?placeid=ChIJCXd8SRQ05Q4RwODKoSDpoj8&q=*&authuser=0&hl=en&gl=BR,,https://lh3.googleusercontent.com/p/AF1QipPWFAUldVPNutNEoqXPUjkQzhXDp0pPVwmgxkhg=w1600-h1000-k-no,https://lh5.googleusercontent.com/-ip3_M9YnY-I/AAAAAAAAAAI/AAAAAAAAAAA/Q4FzPAC8n7Q/s44-p-k-no-ns-nd/photo.jpg,,,,,,,,,,
D kaefer montador de móveis,São Leopoldo,Rio dos Sinos,State of Rio Grande do Sul,5,3,https://search.google.com/local/reviews?placeid=ChIJI6mAg-BpGZUR4V-GPagh7Z0&q=*&authuser=0&hl=en&gl=BR,,https://streetviewpixels-pa.googleapis.com/v1/thumbnail?panoid=Cb2dOHT2MeJ1NZLK2_IgVQ&cb_client=search.gws-prod.gps&w=1600&h=1000&yaw=338.6287&pitch=0&thumbfov=100,,,,,,,,,,,
Montador de Móveis,São Leopoldo,Arroio da Manteiga,State of Rio Grande do Sul,"4,9",30,https://search.google.com/local/reviews?placeid=ChIJ59k9sp9dGZURDMkPIgFlMKA&q=*&authuser=0&hl=en&gl=BR,,https://lh3.googleusercontent.com/gps-cs-s/AHVAwepWsCydBgUu789OAoGCaMhTDgVcIpdVH7tpbICtK_8rE4qnZvnGagMnCqVhgw9gNrlO5f85zQHpKcfPbmRdNnYg_jHUpwvlAXVyCJcl3CBcsAoCev3LPweuhH2BC4Qt3poEj1LqFqAzC-Y=w1600-h1000-k-no,https://lh4.googleusercontent.com/-KvRFF527cYw/AAAAAAAAAAI/AAAAAAAAAAA/1X5iYvyChsw/s44-p-k-no-ns-nd/photo.jpg,,,,,,,,,,
Montador de Móveis,São Leopoldo,Arroio da Manteiga,State of Rio Grande do Sul,"4,9",,,,https://streetviewpixels-pa.googleapis.com/v1/thumbnail?panoid=f6Q5XhHEQ7MgFg7qfVLKug&cb_client=search.gws-prod.gps&w=1600&h=1000&yaw=175.70343&pitch=0&thumbfov=100,https://lh4.googleusercontent.com/-KvRFF527cYw/AAAAAAAAAAI/AAAAAAAAAAA/1X5iYvyChsw/s44-p-k-no-ns-nd/photo.jpg,,,,,,,,,,
Montador de móveis em sapiranga,Sapiranga,Vôo Livre,State of Rio Grande do Sul,5,91,https://search.google.com/local/reviews?placeid=ChIJIVNoRdhzGZURdwUfAYb8jAs&q=*&authuser=0&hl=en&gl=BR,,https://lh3.googleusercontent.com/p/AF1QipMAhH04n5sExXC-DY5yEJKgIFPKrQF7IeRZRwH0=w1600-h1000-k-no,https://lh4.googleusercontent.com/-rRQUEu9Ni_0/AAAAAAAAAAI/AAAAAAAAAAA/Q7vLp_tL580/s44-p-k-no-ns-nd/photo.jpg,,,,,,,,,,
AG montador de móveis,Sapucaia do Sul,Lomba da Palmeira,State of Rio Grande do Sul,"4,9",37,https://search.google.com/local/reviews?placeid=ChIJ_dD-sP1vGZUR-sJSsNTay8k&q=*&authuser=0&hl=en&gl=BR,,https://lh3.googleusercontent.com/p/AF1QipNFjKj0Fafh9N8tDLrSFDKmUxFxEhgkk0Q_hkJC=w1600-h1000-k-no,https://lh5.googleusercontent.com/-WBay9vgQp5Q/AAAAAAAAAAI/AAAAAAAAAAA/nse6k_LD-w0/s44-p-k-no-ns-nd/photo.jpg,,,,,,,,,,
Montador de Móveis - Sapucaia do Sul e Região,Sapucaia do Sul,Centro,State of Rio Grande do Sul,5,20,https://search.google.com/local/reviews?placeid=ChIJ24NuC7AADGMR9hQ7sF8QL1o&q=*&authuser=0&hl=en&gl=BR,,https://lh3.googleusercontent.com/p/AF1QipMYx8_5tgGsw6ut6AqSbR6tmF4TeP-hw4Amg_ry=w1600-h1000-k-no,https://lh4.googleusercontent.com/-rTtXB7S2tZ8/AAAAAAAAAAI/AAAAAAAAAAA/tJlPEtENNDE/s44-p-k-no-ns-nd/photo.jpg,,,,,,,,,,
MENDONÇA MONTAGENS,Viamão,Estalagem,State of Rio Grande do Sul,5,2,https://search.google.com/local/reviews?placeid=ChIJHyxOWzyhGZUReCW4GNfdcgI&q=*&authuser=0&hl=en&gl=BR,,https://lh3.googleusercontent.com/gps-cs-s/AHVAweoRqzvBBBHFc51dXo_E0CaOxTekQJqsdLeZuIvYUR09zTeZIUwwhBeQQp9GW4ChJtYmcXoVksARI_bnPcw16oK07BnRbedAlRcy7uJ6FjTF8-BZ5A1uSO8LpgY0-QC-LF9Y8aA2=w1600-h1000-k-no,https://lh5.googleusercontent.com/-G6WbYfKrxbs/AAAAAAAAAAI/AAAAAAAAAAA/1OfyOYllsK0/s44-p-k-no-ns-nd/photo.jpg,,,,,,,,,,
Montador de Moveis (Montador Guilherme),Viamão,São Lucas,State of Rio Grande do Sul,5,657,https://search.google.com/local/reviews?placeid=ChIJqQzwh6ifGZUR4xD1Ak2iZCI&q=*&authuser=0&hl=en&gl=BR,,https://lh3.googleusercontent.com/gps-cs-s/AHVAwepwCcN3HHG5lXb3-zxVxj0QUOB3cbxCmt_DwLi6G6x34sjqE7jcqsOKMpQ040F-u6qSABF4ost02IMWtyhmwNLiPLN3pNUzptbwy2HpQ9rKFeP_LHSZSeVeftlG-UkB0BvYFPDu=w1600-h1000-k-no,https://lh5.googleusercontent.com/-Ov7pcSI4sjc/AAAAAAAAAAI/AAAAAAAAAAA/5scbwxLzOpo/s44-p-k-no-ns-nd/photo.jpg,,,,,,,,,,
Montador de móveis Viamão - Alex,Viamão,Sítio São José,State of Rio Grande do Sul,5,14,https://search.google.com/local/reviews?placeid=ChIJpVFjrQWjcS8RfqsYLF7dp_s&q=*&authuser=0&hl=en&gl=BR,,https://lh3.googleusercontent.com/gps-cs-s/AHVAweo9cgwUIKlsrSpioL01uU1NsqDBJ98M2fdN1yQghjqXVU43AZJFgTGu9-Ebo1Ly2nmjBbfrHpDBYnDMrlBJUNV2R-mv52nwJh4bSiX3UNh0a4oVFUQ5rdh9kw-MsM31Ih5pRRi8PMnAxNHd=w1600-h1000-k-no,https://lh6.googleusercontent.com/--gGTxDy8iK0/AAAAAAAAAAI/AAAAAAAAAAA/eubDiZapULE/s44-p-k-no-ns-nd/photo.jpg,,,,,,,,,,
Montador de móveis Vila Velha 997494624,Vila Velha,Coqueiral de Itaparica,State of Espírito Santo,5,172,https://search.google.com/local/reviews?placeid=ChIJLebFIJQVuAARyZv0IBl_NoY&q=*&authuser=0&hl=en&gl=BR,,https://lh3.googleusercontent.com/p/AF1QipO_VkkhRfL1dRgDuGMSN8KPf07iJMPIXGXBeiF-=w1600-h1000-k-no,https://lh6.googleusercontent.com/-Rcfx9Xhpj5w/AAAAAAAAAAI/AAAAAAAAAAA/bMTBb3e8R9M/s44-p-k-no-ns-nd/photo.jpg,,,,,,,,,,